 ,Group,Population,ID-number,rs16891982,rs12913832,rs3737576,rs7554936,rs2814778,rs798443,rs1876482,rs1834619,rs3827760,rs260690,rs6754311,rs10497191,rs1919550,rs12498138,rs4833103,rs1229984,rs3811801,rs7657799,rs870347,rs7722456,rs192655,rs3823159,rs917115,rs1462906,rs6990312,rs2196051,rs1871534,rs3814134,rs4918664,rs174570,rs1079597,rs2238151,rs671,rs7997709,rs1572018,rs2166624,rs7326934,rs9522149,rs200354,rs1800414,rs12439433,rs735480,rs1426654,rs459920,rs4411548,rs2593595,rs17642714,rs4471745,rs11652805,rs2042762,rs7226659,rs3916235,rs4891825,rs7251928,rs310644,rs2024566,A,C,G,A,G,A,C,A,A,C,T,G,A,C,A,G,C,T,A,G,T,C,A,T,G,T,T,C,C,T,C,C,G,T,T,A,G,C,T,T,C,T,T,A,T,C,G,A,C,A,A,C,A,G,C,T,C,A,C,C,C,C,C,T,T,T,T,G,C,G,G,,G,G,C,G,G,C,G,C,C,,G,T,A,G,T,A,C,A,C,T,A,A,C,A,C,C,A,A,C,G,C,C,T,A,T,G,T
1,African,Dinka-1,LP6005443-DNA_H08,CC,AA,AA,CT,GG,GG,CC,GG,TT,AC,CC,TT,AA,GG,CC,GG,CC,GT,TT,CT,AG,GG,CC,TT,GT,CC,GG,CC,AA,CC,GG,CC,GG,TT,AA,GG,CC,TT,GT,AA,AA,CC,GG,TT,GG,CC,AA,GG,CT,AA,GG,AA,GG,CC,GG,AA,,,,,,,,,,,,,,,,,,,,,,,,,,,,,,,,,,,,,,,,,,,,,,,,,,,,,,,,,,,,,,,,,,,,,,,,,,,,,,,,,,,,,,,,,,,,,,,,,,,,,,,,,,,,,
2,African,Dinka-2,LP6005443-DNA_B09,CC,AA,AA,CC,GG,GG,CC,GG,TT,CC,CC,TT,AA,GG,CC,GG,CC,GG,TT,TT,GG,AG,CT,TT,GG,CC,GG,CC,AA,CC,GG,CC,GG,TT,AA,GG,CC,TT,TT,AA,AA,CC,GG,TT,GG,CC,AA,GG,CC,AA,GG,AA,GG,CC,GG,AG,,,,,,,,,,,,,,,,,,,,,,,,,,,,,,,,,,,,,,,,,,,,,,,,,,,,,,,,,,,,,,,,,,,,,,,,,,,,,,,,,,,,,,,,,,,,,,,,,,,,,,,,,,,,,
3,African,Dinka-3,SS6004480,CC,AA,AA,CC,GG,GG,CC,GG,TT,AA,CC,TT,AA,GG,CC,GG,CC,GG,TT,CT,AG,GG,CC,TT,GG,CC,GG,CC,AA,CC,AG,CC,GG,TT,AA,GG,CG,TT,GG,AA,AA,CC,GG,TT,AG,CT,AA,GG,CC,AA,GG,AG,AG,AC,GG,AG,,,,,,,,,,,,,,,,,,,,,,,,,,,,,,,,,,,,,,,,,,,,,,,,,,,,,,,,,,,,,,,,,,,,,,,,,,,,,,,,,,,,,,,,,,,,,,,,,,,,,,,,,,,,,
4,African,Khomani San-1,LP6005677-DNA_D03,CC,AA,AA,CC,AA,GG,CC,GG,TT,CC,CC,TT,AA,GG,CC,GG,CC,GT,TT,CT,AG,AG,CC,CT,GT,CC,CC,CC,AA,CC,GG,CC,GG,TT,AA,GG,CC,TT,TT,AA,AA,CC,GG,TT,GG,CC,AA,GG,CC,AA,GG,AG,GG,AC,GG,AA,,,,,,,,,,,,,,,,,,,,,,,,,,,,,,,,,,,,,,,,,,,,,,,,,,,,,,,,,,,,,,,,,,,,,,,,,,,,,,,,,,,,,,,,,,,,,,,,,,,,,,,,,,,,,
5,African,Khomani San-2,LP6005592-DNA_C05,CC,AA,AA,CC,AA,GG,CC,GG,TT,CC,CC,TT,AA,GG,CC,GG,CC,GT,TT,CT,AA,GG,CC,TT,TT,CC,CC,CC,AA,CC,GG,CC,GG,TT,AA,GG,CC,CT,TT,AA,AA,CT,GG,CC,GG,CC,AA,GG,CC,AA,GG,AG,AG,CC,GG,AG,,,,,,,,,,,,,,,,,,,,,,,,,,,,,,,,,,,,,,,,,,,,,,,,,,,,,,,,,,,,,,,,,,,,,,,,,,,,,,,,,,,,,,,,,,,,,,,,,,,,,,,,,,,,,
6,African,Luo-1,LP6005677-DNA_G01,CC,AA,AA,CC,GG,GG,CC,GG,TT,AC,CC,TT,AA,GG,CC,GG,CC,GG,TT,CT,AG,GG,CT,CT,GG,CC,GG,CC,AA,CC,GG,CC,GG,CT,AA,GG,CC,TT,GG,AA,AA,CC,GG,TT,GG,CC,AA,GG,CC,AA,GG,AA,GG,CC,GG,AG,,,,,,,,,,,,,,,,,,,,,,,,,,,,,,,,,,,,,,,,,,,,,,,,,,,,,,,,,,,,,,,,,,,,,,,,,,,,,,,,,,,,,,,,,,,,,,,,,,,,,,,,,,,,,
7,African,Luo-2,LP6005442-DNA_F09,CC,AA,AA,CC,GG,AG,CC,GG,TT,CC,CC,TT,AA,GG,CC,GG,CC,GT,TT,CC,AG,AG,CT,TT,GT,CC,GG,CC,AA,CC,GG,CC,GG,CT,AA,GG,CC,TT,GT,AA,AA,CC,GG,CT,GG,CC,AA,GG,CC,AA,GG,AG,GG,AC,GG,AA,,,,,,,,,,,,,,,,,,,,,,,,,,,,,,,,,,,,,,,,,,,,,,,,,,,,,,,,,,,,,,,,,,,,,,,,,,,,,,,,,,,,,,,,,,,,,,,,,,,,,,,,,,,,,
8,African,Masai-1,LP6005443-DNA_F06,CC,AA,AA,CC,GG,GG,CC,GG,TT,CC,CC,TT,AA,GG,CC,GG,CC,TT,GT,TT,AG,AG,CT,CT,GT,CT,CG,CT,AA,CC,GG,CC,GG,TT,AA,GG,CG,TT,GT,AA,AA,CT,GG,CC,GG,CT,AA,GG,CC,AA,GG,AA,GG,AC,GG,AA,,,,,,,,,,,,,,,,,,,,,,,,,,,,,,,,,,,,,,,,,,,,,,,,,,,,,,,,,,,,,,,,,,,,,,,,,,,,,,,,,,,,,,,,,,,,,,,,,,,,,,,,,,,,,
9,African,Masai-2,LP6005443-DNA_E06,CC,AA,AA,CT,GG,AG,CC,GG,TT,CC,CC,CT,AA,GG,CC,GG,CC,GT,GT,TT,AG,AG,CT,CT,GG,CC,CG,TT,AA,CC,GG,CC,GG,TT,AG,GG,CC,TT,GT,AA,AA,CT,AG,TT,GG,CT,AA,GG,CC,AA,GG,AG,AA,AA,AG,AA,,,,,,,,,,,,,,,,,,,,,,,,,,,,,,,,,,,,,,,,,,,,,,,,,,,,,,,,,,,,,,,,,,,,,,,,,,,,,,,,,,,,,,,,,,,,,,,,,,,,,,,,,,,,,
10,African,Saharawi-1,LP6005619-DNA_B01,CC,AA,AA,CT,AA,GG,CC,GG,TT,AA,CC,CC,AA,GG,CC,GG,CC,GT,TT,TT,AG,AA,TT,TT,GG,CT,CG,CC,AA,CC,GG,CC,GG,CT,AA,AG,GG,CT,GG,AA,AA,TT,AA,CT,GG,CT,AT,GG,CC,AA,GG,AG,AG,AA,AG,AG,,,,,,,,,,,,,,,,,,,,,,,,,,,,,,,,,,,,,,,,,,,,,,,,,,,,,,,,,,,,,,,,,,,,,,,,,,,,,,,,,,,,,,,,,,,,,,,,,,,,,,,,,,,,,
11,African,Saharawi-2,LP6005619-DNA_C01,CC,AG,AG,TT,AA,AG,CC,GG,TT,AC,CT,CT,AA,GG,CC,AG,CC,GT,TT,CC,AA,AG,CC,CT,GG,CT,CG,CT,AA,CC,GG,CC,GG,TT,GG,GG,GG,TT,GT,AA,AA,CT,AA,CT,GG,CT,AA,GG,CT,AA,GG,GG,AA,AC,AA,AA,,,,,,,,,,,,,,,,,,,,,,,,,,,,,,,,,,,,,,,,,,,,,,,,,,,,,,,,,,,,,,,,,,,,,,,,,,,,,,,,,,,,,,,,,,,,,,,,,,,,,,,,,,,,,
12,African,Somali-1,LP6005442-DNA_D09,CC,AA,AA,CT,GG,GG,CC,GG,TT,AA,CC,CC,AA,GG,CC,GG,CC,GT,TT,CT,GG,AG,CC,CC,GT,CT,CG,TT,AA,CC,GG,CC,GG,TT,AA,GG,CG,TT,GT,AA,AA,CT,GG,TT,GG,CC,AA,GG,CT,AA,GG,GG,AA,AC,GG,AA,,,,,,,,,,,,,,,,,,,,,,,,,,,,,,,,,,,,,,,,,,,,,,,,,,,,,,,,,,,,,,,,,,,,,,,,,,,,,,,,,,,,,,,,,,,,,,,,,,,,,,,,,,,,,
13,European,Crete-1,LP6007069-DNA_A01,CG,AG,AA,CT,AA,AG,CC,GG,TT,AA,CC,CC,AA,GG,CC,GG,CC,TT,TT,CT,AA,AA,TT,CC,GG,CC,CC,TT,AA,CC,AG,CT,GG,TT,GG,GG,GG,CC,GG,AA,AA,CT,AA,CC,AG,TT,AT,GG,TT,AA,GG,GG,AA,AC,AG,AG,,,,,,,,,,,,,,,,,,,,,,,,,,,,,,,,,,,,,,,,,,,,,,,,,,,,,,,,,,,,,,,,,,,,,,,,,,,,,,,,,,,,,,,,,,,,,,,,,,,,,,,,,,,,,
14,European,Crete-2,LP6007068-DNA_A01,CG,AG,AA,CT,AA,AG,CC,AG,TT,AA,CC,CC,AA,GG,AC,AG,CC,TT,TT,TT,AA,AA,TT,CC,GG,TT,CC,TT,AA,CC,GG,CT,GG,TT,GG,GG,GG,CT,GT,AA,AA,TT,AA,CT,GG,CT,AA,GG,CT,AA,GG,GG,AA,AA,AA,GG,,,,,,,,,,,,,,,,,,,,,,,,,,,,,,,,,,,,,,,,,,,,,,,,,,,,,,,,,,,,,,,,,,,,,,,,,,,,,,,,,,,,,,,,,,,,,,,,,,,,,,,,,,,,,
15,European,Abkhasian-1,LP6005442-DNA_C02,GG,AA,AA,TT,AA,GG,CC,GG,TT,AA,CC,CC,AA,GG,AC,GG,CC,TT,GT,TT,AA,AA,TT,CC,GG,CT,CC,TT,AG,CC,GG,TT,GG,TT,AG,AG,GG,CT,GG,AA,AA,CT,AA,CC,AG,TT,AT,GG,CT,AA,GG,GG,AA,AA,AA,AA,,,,,,,,,,,,,,,,,,,,,,,,,,,,,,,,,,,,,,,,,,,,,,,,,,,,,,,,,,,,,,,,,,,,,,,,,,,,,,,,,,,,,,,,,,,,,,,,,,,,,,,,,,,,,
16,European,Abkhasian-2,LP6005442-DNA_D02,GG,AG,AA,CT,AA,AA,CC,GG,TT,AC,CC,CC,AA,GG,AC,GG,CC,TT,TT,TT,AA,AA,CT,CT,GG,CT,CC,TT,AG,CC,GG,CC,GG,TT,AG,GG,GG,CC,GG,AA,AA,TT,AA,TT,GG,CT,AA,GG,TT,AA,GG,GG,AA,AA,AG,AG,,,,,,,,,,,,,,,,,,,,,,,,,,,,,,,,,,,,,,,,,,,,,,,,,,,,,,,,,,,,,,,,,,,,,,,,,,,,,,,,,,,,,,,,,,,,,,,,,,,,,,,,,,,,,
17,European,Albanian-1,LP6005677-DNA_B01,CG,AG,AA,TT,AA,AA,CC,GG,TT,AA,CC,CC,AA,GG,CC,GG,CC,TT,TT,CC,AA,AA,CT,CC,GG,TT,CC,TT,AA,CC,AA,TT,GG,TT,GG,GG,GG,CT,GG,AA,AA,TT,AA,CT,AG,TT,AA,GG,TT,AA,GG,GG,AA,AA,AA,AA,,,,,,,,,,,,,,,,,,,,,,,,,,,,,,,,,,,,,,,,,,,,,,,,,,,,,,,,,,,,,,,,,,,,,,,,,,,,,,,,,,,,,,,,,,,,,,,,,,,,,,,,,,,,,
18,European,Armenian-1,LP6005442-DNA_G02,GG,AA,AA,CT,AA,AG,CC,GG,TT,AA,CC,TT,AA,GG,CC,GG,CC,TT,TT,CT,AA,AA,CC,CT,GG,CT,CC,TT,AA,CC,GG,TT,GG,TT,GG,GG,GG,CT,GG,AA,AA,CT,AA,CT,GG,TT,AA,GG,CT,AA,GG,GG,AA,AA,AA,AG,,,,,,,,,,,,,,,,,,,,,,,,,,,,,,,,,,,,,,,,,,,,,,,,,,,,,,,,,,,,,,,,,,,,,,,,,,,,,,,,,,,,,,,,,,,,,,,,,,,,,,,,,,,,,
19,European,Armenian-2,LP6005519-DNA_F03,GG,AA,AA,TT,AA,AG,CC,GG,CT,AC,CC,CT,AA,GG,CC,GG,CC,TT,TT,TT,AA,AA,CT,CC,TT,CT,CC,TT,AA,CC,AG,TT,GG,TT,GG,GG,GG,TT,GG,AA,AA,TT,AA,CC,AG,TT,AT,GG,CT,AA,GG,AG,AG,AA,AA,AA,,,,,,,,,,,,,,,,,,,,,,,,,,,,,,,,,,,,,,,,,,,,,,,,,,,,,,,,,,,,,,,,,,,,,,,,,,,,,,,,,,,,,,,,,,,,,,,,,,,,,,,,,,,,,
20,European,Bulgarian-1,LP6005442-DNA_A03,GG,AG,AA,CC,AA,AA,CC,GG,TT,AA,CC,CC,AT,AG,AC,GG,CC,TT,TT,TT,AA,AA,CT,CC,GT,CT,CC,TT,AA,CC,GG,TT,GG,TT,AA,AG,GG,TT,GG,AA,AA,TT,AA,CT,GG,TT,AT,AG,TT,AA,GG,GG,AA,AA,AA,AA,,,,,,,,,,,,,,,,,,,,,,,,,,,,,,,,,,,,,,,,,,,,,,,,,,,,,,,,,,,,,,,,,,,,,,,,,,,,,,,,,,,,,,,,,,,,,,,,,,,,,,,,,,,,,
21,European,Bulgarian-2,LP6005442-DNA_B03,GG,AA,AA,TT,AA,AG,CC,GG,TT,AA,CC,CC,AA,GG,CC,AG,CC,TT,TT,TT,AA,AA,CT,CC,GG,TT,CC,TT,AG,CT,GG,TT,GG,CT,AG,AG,GG,CC,GG,AA,AA,CT,AA,CT,GG,TT,AA,GG,TT,AA,GG,GG,AA,AA,AA,AG,,,,,,,,,,,,,,,,,,,,,,,,,,,,,,,,,,,,,,,,,,,,,,,,,,,,,,,,,,,,,,,,,,,,,,,,,,,,,,,,,,,,,,,,,,,,,,,,,,,,,,,,,,,,,
22,European,Chechen-1,LP6005442-DNA_D03,GG,AA,AA,TT,AA,AG,CT,GG,CT,AC,CC,CC,AA,GG,CC,GG,CC,TT,TT,TT,AG,AA,CT,CC,GG,CC,CC,TT,AA,CC,GG,CT,GG,TT,GG,AG,GG,CT,GG,AA,AA,CT,AA,TT,GG,TT,AA,GG,CT,AA,GG,GG,AG,AC,AA,AG,,,,,,,,,,,,,,,,,,,,,,,,,,,,,,,,,,,,,,,,,,,,,,,,,,,,,,,,,,,,,,,,,,,,,,,,,,,,,,,,,,,,,,,,,,,,,,,,,,,,,,,,,,,,,
23,European,Czech-2,LP6005443-DNA_H05,GG,GG,AA,CT,AA,AA,CC,GG,TT,AC,CC,CT,AT,AG,CC,GG,CC,TT,TT,TT,AA,AA,TT,CC,GG,CT,CC,TT,AA,CC,GG,CT,GG,TT,GG,GG,GG,TT,GG,AA,AA,CT,AA,CT,GG,CT,AA,GG,CT,AA,GG,AG,AG,AA,AA,AG,,,,,,,,,,,,,,,,,,,,,,,,,,,,,,,,,,,,,,,,,,,,,,,,,,,,,,,,,,,,,,,,,,,,,,,,,,,,,,,,,,,,,,,,,,,,,,,,,,,,,,,,,,,,,
24,European,Estonian-1,LP6005442-DNA_H03,GG,AG,AA,TT,AA,AG,CC,GG,TT,AA,TT,CC,AT,AG,AA,GG,CC,TT,TT,CT,AA,AA,CT,CC,GG,TT,CC,TT,AA,CC,GG,CT,GG,TT,GG,AG,GG,CC,GG,AA,AA,TT,AA,TT,AA,TT,AA,GG,CT,AA,GG,GG,AA,AA,AA,AA,,,,,,,,,,,,,,,,,,,,,,,,,,,,,,,,,,,,,,,,,,,,,,,,,,,,,,,,,,,,,,,,,,,,,,,,,,,,,,,,,,,,,,,,,,,,,,,,,,,,,,,,,,,,,
25,European,Estonian-2,LP6005442-DNA_G03,GG,GG,AA,TT,AA,AA,CC,GG,TT,AC,CT,CC,AT,AG,AA,GG,CC,TT,TT,TT,AA,AA,TT,CC,GG,CT,CC,TT,AA,CC,GG,CT,GG,TT,GG,GG,GG,CT,GG,AA,AA,CT,AA,TT,AG,TT,AA,AG,TT,AA,GG,GG,AG,AC,AA,AG,,,,,,,,,,,,,,,,,,,,,,,,,,,,,,,,,,,,,,,,,,,,,,,,,,,,,,,,,,,,,,,,,,,,,,,,,,,,,,,,,,,,,,,,,,,,,,,,,,,,,,,,,,,,,
26,European,Georgian-1,LP6005442-DNA_B04,GG,AG,AA,TT,AA,AA,CC,GG,TT,AA,CC,CT,AA,GG,CC,GG,CC,TT,TT,TT,AA,AA,TT,CC,GG,TT,CC,TT,AA,CC,GG,CT,GG,TT,AA,AG,GG,CT,GG,AA,AA,TT,AA,CT,GG,TT,AA,GG,TT,AA,GG,GG,AA,AA,AA,AA,,,,,,,,,,,,,,,,,,,,,,,,,,,,,,,,,,,,,,,,,,,,,,,,,,,,,,,,,,,,,,,,,,,,,,,,,,,,,,,,,,,,,,,,,,,,,,,,,,,,,,,,,,,,,
27,European,Georgian-2,LP6005442-DNA_A04,GG,AA,AA,CT,AA,AA,CC,AG,TT,AA,CC,CT,AA,GG,AC,GG,CC,TT,TT,CT,AG,AA,CT,CC,GG,CT,CC,TT,AA,CC,GG,CT,GG,TT,AG,AG,GG,CT,GG,AA,AA,TT,AA,CT,AG,TT,AT,GG,TT,AA,GG,GG,AA,AC,AA,AG,,,,,,,,,,,,,,,,,,,,,,,,,,,,,,,,,,,,,,,,,,,,,,,,,,,,,,,,,,,,,,,,,,,,,,,,,,,,,,,,,,,,,,,,,,,,,,,,,,,,,,,,,,,,,
28,European,Greek-1,LP6005442-DNA_G07,GG,AG,AA,TT,AA,GG,CC,GG,TT,AA,CC,CT,AA,AG,CC,AG,CC,TT,TT,TT,AA,AA,TT,CC,GG,CT,CC,TT,AA,CC,GG,CT,GG,TT,GG,AG,GG,CT,GG,AA,AA,TT,AA,CT,GG,TT,TT,GG,TT,AA,GG,GG,AA,AA,AA,GG,,,,,,,,,,,,,,,,,,,,,,,,,,,,,,,,,,,,,,,,,,,,,,,,,,,,,,,,,,,,,,,,,,,,,,,,,,,,,,,,,,,,,,,,,,,,,,,,,,,,,,,,,,,,,
29,European,Greek-2,LP6005443-DNA_A06,CG,AG,AA,CC,AA,AG,CC,GG,TT,AA,CC,CC,AA,GG,CC,GG,CC,TT,TT,CT,AA,AA,TT,CC,GT,CT,CC,TT,AA,CC,GG,CT,GG,TT,GG,AG,GG,CC,GG,AA,AA,TT,AA,CT,GG,TT,AA,GG,CC,AA,GG,GG,AA,AA,AA,AG,,,,,,,,,,,,,,,,,,,,,,,,,,,,,,,,,,,,,,,,,,,,,,,,,,,,,,,,,,,,,,,,,,,,,,,,,,,,,,,,,,,,,,,,,,,,,,,,,,,,,,,,,,,,,
30,European,Hungarian-1,LP6005442-DNA_B08,CG,AG,AA,CT,AA,AA,CC,GG,TT,AA,CC,CT,AA,GG,AC,GG,CC,TT,TT,CT,AA,AA,TT,CC,GT,CT,CC,TT,AA,CC,GG,TT,GG,TT,GG,AG,GG,CC,GT,AA,AA,TT,AA,CT,AG,CT,AT,AG,TT,AA,GG,GG,AG,CC,AA,AA,,,,,,,,,,,,,,,,,,,,,,,,,,,,,,,,,,,,,,,,,,,,,,,,,,,,,,,,,,,,,,,,,,,,,,,,,,,,,,,,,,,,,,,,,,,,,,,,,,,,,,,,,,,,,
31,European,Hungarian-2,LP6005442-DNA_A08,GG,GG,AA,TT,AA,AA,CC,GG,TT,AA,CC,CC,AA,GG,AC,GG,CC,TT,TT,CT,AA,AA,TT,CC,GG,CC,CC,TT,AG,CC,GG,TT,GG,TT,GG,AG,GG,CC,GG,AA,AA,TT,AA,CT,AG,TT,AT,AG,TT,AA,GG,GG,AA,AA,AG,GG,,,,,,,,,,,,,,,,,,,,,,,,,,,,,,,,,,,,,,,,,,,,,,,,,,,,,,,,,,,,,,,,,,,,,,,,,,,,,,,,,,,,,,,,,,,,,,,,,,,,,,,,,,,,,
32,European,Icelandic-1,LP6005442-DNA_D08,GG,GG,AA,CC,AA,AG,CC,GG,TT,AA,TT,CC,AT,AG,AC,GG,CC,TT,TT,CT,AA,AA,CC,CC,GT,TT,CC,TT,AA,CC,GG,CT,GG,TT,GG,GG,GG,CC,GG,AA,AA,TT,AA,CT,GG,TT,AT,GG,CT,AA,GG,AG,AG,AA,AA,AG,,,,,,,,,,,,,,,,,,,,,,,,,,,,,,,,,,,,,,,,,,,,,,,,,,,,,,,,,,,,,,,,,,,,,,,,,,,,,,,,,,,,,,,,,,,,,,,,,,,,,,,,,,,,,
33,European,Icelandic-2,LP6005443-DNA_B06,GG,AG,AG,CT,AA,AG,CC,GG,TT,AA,CC,CC,AA,GG,CC,GG,CC,TT,TT,TT,AA,AA,TT,CC,GG,TT,CC,TT,AG,CC,AG,CT,GG,TT,GG,AG,GG,CT,GT,AA,AA,TT,AA,CT,AG,TT,AT,GG,TT,AA,GG,GG,AA,AC,AA,AA,,,,,,,,,,,,,,,,,,,,,,,,,,,,,,,,,,,,,,,,,,,,,,,,,,,,,,,,,,,,,,,,,,,,,,,,,,,,,,,,,,,,,,,,,,,,,,,,,,,,,,,,,,,,,
34,European,Iranian-1,LP6005442-DNA_C04,CC,AA,AA,CT,AA,AA,CC,GG,TT,AC,CC,CC,AA,GG,CC,GG,CC,TT,TT,TT,AA,AA,TT,CC,GG,CT,CC,TT,AA,CC,GG,CT,GG,CT,GG,AA,GG,CT,GG,AG,AA,CC,GG,TT,AG,TT,AT,GG,CC,AA,GG,GG,AA,AA,AA,AG,,,,,,,,,,,,,,,,,,,,,,,,,,,,,,,,,,,,,,,,,,,,,,,,,,,,,,,,,,,,,,,,,,,,,,,,,,,,,,,,,,,,,,,,,,,,,,,,,,,,,,,,,,,,,
35,European,Iranian-2,LP6005443-DNA_B10,CG,AA,AA,TT,AA,AG,CC,AG,TT,AA,CC,CC,AA,GG,CC,GG,CC,TT,TT,TT,AG,AA,CT,CC,TT,CT,CC,TT,AA,CC,GG,TT,GG,TT,AA,GG,GG,CT,GG,AA,AA,TT,AA,TT,GG,TT,AA,GG,CT,AA,GG,GG,AA,AC,AA,AG,,,,,,,,,,,,,,,,,,,,,,,,,,,,,,,,,,,,,,,,,,,,,,,,,,,,,,,,,,,,,,,,,,,,,,,,,,,,,,,,,,,,,,,,,,,,,,,,,,,,,,,,,,,,,
36,European,Iraqi Jew-1,LP6005592-DNA_F01,CG,GG,AA,CT,AA,AG,CC,GG,TT,AA,CC,CC,AA,GG,CC,GG,CC,TT,TT,CT,AA,AA,TT,CC,GG,CT,CC,TT,AG,CC,AA,CT,GG,TT,AG,GG,CG,CC,GG,AA,AA,CT,AA,CC,GG,CT,AA,GG,TT,AA,GG,GG,AA,AA,AA,GG,,,,,,,,,,,,,,,,,,,,,,,,,,,,,,,,,,,,,,,,,,,,,,,,,,,,,,,,,,,,,,,,,,,,,,,,,,,,,,,,,,,,,,,,,,,,,,,,,,,,,,,,,,,,,
37,European,Iraqi Jew-2,LP6005592-DNA_E01,CG,AA,AA,CT,AA,AA,CC,GG,TT,AA,CC,CC,AA,GG,AC,GG,CC,TT,TT,TT,AA,AA,TT,CC,GG,TT,CC,TT,AG,CC,AG,CT,GG,TT,GG,GG,GG,CT,GG,AA,AA,TT,AG,CT,GG,CC,AA,GG,CT,AA,GG,GG,AG,AC,AA,GG,,,,,,,,,,,,,,,,,,,,,,,,,,,,,,,,,,,,,,,,,,,,,,,,,,,,,,,,,,,,,,,,,,,,,,,,,,,,,,,,,,,,,,,,,,,,,,,,,,,,,,,,,,,,,
38,European,Jordanian-1,LP6005592-DNA_G03,CC,AA,AA,CT,AA,AA,CT,AG,TT,AA,CC,CC,AA,GG,CC,AG,CC,TT,GT,TT,AA,AA,TT,CC,GG,TT,CC,TT,AA,CC,GG,CT,GG,TT,GG,AG,GG,CT,GG,AA,AA,TT,AA,TT,GG,TT,AA,GG,CT,AA,GG,AG,AA,AC,AA,AA,,,,,,,,,,,,,,,,,,,,,,,,,,,,,,,,,,,,,,,,,,,,,,,,,,,,,,,,,,,,,,,,,,,,,,,,,,,,,,,,,,,,,,,,,,,,,,,,,,,,,,,,,,,,,
39,European,Jordanian-2,LP6005442-DNA_F04,CC,AA,AA,TT,AG,AA,CC,GG,TT,AA,CC,CC,AA,GG,CC,GG,CC,TT,TT,CT,AA,AG,CT,CC,GG,CT,CC,TT,AA,CT,GG,TT,GG,CT,GG,AG,GG,CC,GT,AA,AA,CT,AA,CT,GG,CT,AA,GG,TT,AA,GG,AG,AG,AC,AA,AA,,,,,,,,,,,,,,,,,,,,,,,,,,,,,,,,,,,,,,,,,,,,,,,,,,,,,,,,,,,,,,,,,,,,,,,,,,,,,,,,,,,,,,,,,,,,,,,,,,,,,,,,,,,,,
40,European,Jordanian-3,LP6005442-DNA_E04,CG,AG,AA,TT,AA,AA,CC,GG,TT,AA,CC,TT,AA,GG,AC,AG,CC,TT,TT,TT,AA,AA,CT,CT,TT,CT,CC,CT,AG,CC,GG,CC,GG,TT,GG,GG,GG,CT,GG,AA,AA,TT,AA,CT,GG,CT,AT,GG,TT,AA,GG,GG,AA,AC,AG,AA,,,,,,,,,,,,,,,,,,,,,,,,,,,,,,,,,,,,,,,,,,,,,,,,,,,,,,,,,,,,,,,,,,,,,,,,,,,,,,,,,,,,,,,,,,,,,,,,,,,,,,,,,,,,,
41,European,Lezgin-1,LP6005442-DNA_H04,CG,AA,AA,CT,AA,AG,CC,GG,TT,AA,CT,CC,AA,GG,CC,GG,CC,TT,TT,CT,AA,AA,CT,CC,TT,CC,CC,TT,AA,CC,GG,CC,GG,TT,GG,GG,GG,CT,GG,AA,AA,TT,AA,CC,AA,TT,AT,GG,TT,AA,GG,AG,GG,AA,AA,AA,,,,,,,,,,,,,,,,,,,,,,,,,,,,,,,,,,,,,,,,,,,,,,,,,,,,,,,,,,,,,,,,,,,,,,,,,,,,,,,,,,,,,,,,,,,,,,,,,,,,,,,,,,,,,
42,European,Lezgin-2,LP6005442-DNA_G04,GG,AA,AA,TT,AA,AG,CC,GG,TT,AA,CT,CC,AA,GG,AC,GG,CC,TT,GT,TT,AA,AA,TT,CC,GG,TT,CC,TT,AG,TT,GG,CT,GG,TT,AA,AG,GG,CC,GT,AA,AA,CT,AA,CC,GG,CT,AT,GG,CT,AA,GG,GG,AA,AA,AA,AG,,,,,,,,,,,,,,,,,,,,,,,,,,,,,,,,,,,,,,,,,,,,,,,,,,,,,,,,,,,,,,,,,,,,,,,,,,,,,,,,,,,,,,,,,,,,,,,,,,,,,,,,,,,,,
43,European,North Ossetian-1,LP6005443-DNA_E10,GG,AA,AA,TT,AA,AA,CT,GG,TT,AA,CT,CC,AA,GG,AC,AG,CC,TT,TT,TT,AA,AG,TT,CC,GG,CT,CC,CT,AA,CT,GG,TT,GG,TT,AG,GG,GG,CC,GG,AA,AA,CT,AA,CT,GG,TT,AA,GG,CT,AA,GG,GG,AA,AA,AG,AG,,,,,,,,,,,,,,,,,,,,,,,,,,,,,,,,,,,,,,,,,,,,,,,,,,,,,,,,,,,,,,,,,,,,,,,,,,,,,,,,,,,,,,,,,,,,,,,,,,,,,,,,,,,,,
44,European,North Ossetian-2,LP6005443-DNA_F10,GG,AA,AA,TT,AA,AA,CC,GG,TT,AA,CC,CC,AA,GG,CC,GG,CC,TT,GT,CT,AA,AA,TT,CC,GT,TT,CC,TT,AA,CC,GG,CT,GG,TT,AG,GG,GG,CT,GG,AA,AA,TT,AG,CC,AA,CT,AA,GG,CT,AA,GG,GG,AA,AA,AA,AA,,,,,,,,,,,,,,,,,,,,,,,,,,,,,,,,,,,,,,,,,,,,,,,,,,,,,,,,,,,,,,,,,,,,,,,,,,,,,,,,,,,,,,,,,,,,,,,,,,,,,,,,,,,,,
45,European,Norwegian-1,LP6005592-DNA_B01,GG,GG,AA,CT,AA,AA,CT,AG,TT,AA,TT,CT,AA,GG,AC,GG,CC,TT,TT,CT,AA,AA,TT,CC,GT,TT,CC,TT,AA,CC,GG,TT,GG,TT,AG,AA,GG,CC,GG,AA,AG,TT,AA,CC,AG,TT,AT,AG,TT,AA,GG,GG,AA,AA,AA,GG,,,,,,,,,,,,,,,,,,,,,,,,,,,,,,,,,,,,,,,,,,,,,,,,,,,,,,,,,,,,,,,,,,,,,,,,,,,,,,,,,,,,,,,,,,,,,,,,,,,,,,,,,,,,,
46,European,Polish-1,LP6005592-DNA_E02,GG,AG,AA,TT,AA,AA,CC,GG,TT,AA,CT,CC,AT,AG,AA,GG,CC,TT,TT,TT,AA,AA,CT,CC,GG,CT,CC,TT,AA,CC,AA,CT,GG,TT,GG,GG,GG,CT,GG,AA,AA,CT,AA,CT,GG,TT,AT,GG,TT,AA,GG,GG,AA,AA,AA,AA,,,,,,,,,,,,,,,,,,,,,,,,,,,,,,,,,,,,,,,,,,,,,,,,,,,,,,,,,,,,,,,,,,,,,,,,,,,,,,,,,,,,,,,,,,,,,,,,,,,,,,,,,,,,,
47,European,Saami-1,LP6005592-DNA_C01,GG,AA,AG,TT,AA,AA,TT,AA,CT,AC,CT,CC,AA,GG,AA,GG,CC,TT,GT,TT,AA,AA,TT,CC,GG,CT,CC,TT,AA,CC,GG,CT,GG,TT,GG,AG,GG,TT,GG,AA,AA,TT,AA,TT,GG,TT,AT,GG,CT,AA,GT,GG,AA,AA,AA,AA,,,,,,,,,,,,,,,,,,,,,,,,,,,,,,,,,,,,,,,,,,,,,,,,,,,,,,,,,,,,,,,,,,,,,,,,,,,,,,,,,,,,,,,,,,,,,,,,,,,,,,,,,,,,,
48,European,Saami-2,LP6005592-DNA_D01,GG,AG,AA,TT,AA,AA,CT,AG,TT,AA,CC,CC,AA,GG,AC,GG,CC,TT,TT,TT,GG,AA,CT,CC,GG,CT,CC,TT,AG,TT,GG,TT,GG,TT,AG,GG,GG,CC,TT,AA,AA,TT,AA,TT,AA,CT,AA,GG,TT,AA,GG,GG,AG,AC,AA,GG,,,,,,,,,,,,,,,,,,,,,,,,,,,,,,,,,,,,,,,,,,,,,,,,,,,,,,,,,,,,,,,,,,,,,,,,,,,,,,,,,,,,,,,,,,,,,,,,,,,,,,,,,,,,,
49,European,Samaritan-1,LP6005592-DNA_D04,CC,GG,AG,TT,AA,GG,CC,GG,TT,AA,CC,CC,AA,GG,CC,GG,CC,TT,TT,TT,AA,AA,CT,CC,GT,CT,CC,TT,AA,CC,GG,TT,GG,TT,AA,AA,GG,CC,GG,AA,AA,TT,AA,CC,GG,CT,AT,GG,TT,AA,GG,GG,AA,AC,AG,AA,,,,,,,,,,,,,,,,,,,,,,,,,,,,,,,,,,,,,,,,,,,,,,,,,,,,,,,,,,,,,,,,,,,,,,,,,,,,,,,,,,,,,,,,,,,,,,,,,,,,,,,,,,,,,
50,European,Sardinian-1,LP6005441-DNA_C11,CG,AG,AA,TT,AA,AA,CC,GG,TT,AA,CC,CC,AA,GG,CC,GG,CC,TT,TT,CT,AA,AA,TT,CC,GG,CT,CC,TT,AG,CC,GG,TT,GG,TT,GG,AA,GG,CT,GG,AA,AA,TT,AA,CC,GG,CC,AA,AG,TT,AA,GG,AG,AG,CC,AA,AG,,,,,,,,,,,,,,,,,,,,,,,,,,,,,,,,,,,,,,,,,,,,,,,,,,,,,,,,,,,,,,,,,,,,,,,,,,,,,,,,,,,,,,,,,,,,,,,,,,,,,,,,,,,,,
51,European,Sardinian-2,LP6005441-DNA_D11,GG,AA,AA,CT,AA,AA,CT,GG,TT,AA,CC,CC,AA,GG,CC,GG,CC,TT,TT,TT,AA,AA,TT,CC,GG,TT,CC,TT,AA,CC,GG,CT,GG,CT,GG,GG,GG,CC,GG,AA,AA,TT,AA,CC,GG,TT,AA,GG,CT,AA,GG,GG,AA,AA,AA,AA,,,,,,,,,,,,,,,,,,,,,,,,,,,,,,,,,,,,,,,,,,,,,,,,,,,,,,,,,,,,,,,,,,,,,,,,,,,,,,,,,,,,,,,,,,,,,,,,,,,,,,,,,,,,,
52,European,Tajik-1,LP6005519-DNA_C03,GG,AA,AA,TT,AA,AA,CC,GG,TT,AA,CC,CC,AA,GG,CC,GG,CC,TT,TT,TT,AA,AA,CT,CC,GT,CC,CC,TT,AA,CC,GG,TT,GG,TT,AG,AG,GG,TT,GG,AA,AA,TT,AA,CT,GG,CT,AA,GG,TT,AA,GG,AG,AG,AA,AA,AG,,,,,,,,,,,,,,,,,,,,,,,,,,,,,,,,,,,,,,,,,,,,,,,,,,,,,,,,,,,,,,,,,,,,,,,,,,,,,,,,,,,,,,,,,,,,,,,,,,,,,,,,,,,,,
53,European,Tajik-2,LP6005519-DNA_D03,GG,AA,AA,CT,AA,AA,CC,GG,TT,AC,CT,CC,AT,AG,CC,GG,CC,TT,TT,CT,AA,AA,CC,CC,GT,TT,CC,TT,AG,CC,GG,CT,GG,TT,GG,AG,GG,TT,GG,AA,AA,TT,AA,TT,GG,CC,AA,GG,CT,AA,GG,AG,AG,AC,AA,AG,,,,,,,,,,,,,,,,,,,,,,,,,,,,,,,,,,,,,,,,,,,,,,,,,,,,,,,,,,,,,,,,,,,,,,,,,,,,,,,,,,,,,,,,,,,,,,,,,,,,,,,,,,,,,
54,European,Turkish-1,LP6005677-DNA_C03,CG,GG,AA,TT,AA,AA,CC,GG,TT,AA,CC,CC,AA,GG,CC,GG,CC,TT,TT,TT,AA,AA,TT,CC,GT,CT,CC,TT,AG,CC,GG,TT,GG,CT,AG,AA,CG,CC,GG,AA,AA,TT,AA,CT,AG,TT,AT,GG,TT,AA,GG,GG,AA,AC,AA,AA,,,,,,,,,,,,,,,,,,,,,,,,,,,,,,,,,,,,,,,,,,,,,,,,,,,,,,,,,,,,,,,,,,,,,,,,,,,,,,,,,,,,,,,,,,,,,,,,,,,,,,,,,,,,,
55,European,Turkish-2,LP6005677-DNA_A03,GG,AG,AA,TT,AA,AA,CC,GG,TT,AA,CC,CC,AT,AG,AC,GG,CC,TT,TT,CT,AA,AG,TT,CC,GG,TT,CC,TT,AA,CC,AG,TT,GG,TT,GG,AA,GG,CC,GG,AA,AA,TT,AA,CT,GG,TT,AA,GG,CT,AG,GG,GG,AA,AA,AA,AG,,,,,,,,,,,,,,,,,,,,,,,,,,,,,,,,,,,,,,,,,,,,,,,,,,,,,,,,,,,,,,,,,,,,,,,,,,,,,,,,,,,,,,,,,,,,,,,,,,,,,,,,,,,,,
56,European,Yemenite Jew-1,LP6005592-DNA_H01,CG,AA,AA,TT,AA,AG,CT,AG,TT,AA,CC,CC,AA,GG,AC,GG,CC,TT,TT,CT,AA,AA,CT,CC,GG,CC,CC,TT,AA,CC,GG,TT,GG,TT,GG,AG,GG,CC,GG,AA,AA,TT,AA,CC,AG,CT,AT,GG,CC,AA,GG,GG,AA,AC,AA,AG,,,,,,,,,,,,,,,,,,,,,,,,,,,,,,,,,,,,,,,,,,,,,,,,,,,,,,,,,,,,,,,,,,,,,,,,,,,,,,,,,,,,,,,,,,,,,,,,,,,,,,,,,,,,,
57,European,Yemenite Jew-2,LP6005592-DNA_G01,CC,AA,AA,CT,AA,AA,CC,GG,TT,AA,CC,CC,AA,GG,CC,AG,CC,TT,TT,CT,AA,AA,CT,CC,GT,CT,CC,TT,AA,CC,GG,CC,GG,CT,GG,AG,GG,CT,GT,AA,AA,TT,AA,CC,AG,CT,AT,GG,TT,AA,GG,GG,AA,CC,AA,AA,,,,,,,,,,,,,,,,,,,,,,,,,,,,,,,,,,,,,,,,,,,,,,,,,,,,,,,,,,,,,,,,,,,,,,,,,,,,,,,,,,,,,,,,,,,,,,,,,,,,,,,,,,,,,
58,East Asian,Ami-1,LP6005442-DNA_C07,CC,AA,AA,CC,AA,AG,TT,AA,CC,CC,CC,CC,AT,AG,CC,AA,CC,TT,GT,TT,AA,AA,CC,CC,GG,CC,CC,TT,GG,TT,AG,CC,GG,CT,AA,AG,GG,TT,GG,AG,AA,TT,GG,TT,GG,TT,AA,GG,CT,AA,TT,GG,AA,AA,AA,AA,,,,,,,,,,,,,,,,,,,,,,,,,,,,,,,,,,,,,,,,,,,,,,,,,,,,,,,,,,,,,,,,,,,,,,,,,,,,,,,,,,,,,,,,,,,,,,,,,,,,,,,,,,,,,
59,East Asian,Ami-2,LP6005443-DNA_G05,CC,AA,AA,CT,AA,AG,TT,AG,CC,CC,CC,CC,AA,GG,CC,AA,CC,TT,GT,TT,AG,AA,CC,CC,GG,CC,CC,TT,GG,TT,GG,CC,GG,CC,AA,GG,GG,TT,GT,GG,AA,CT,GG,TT,GG,TT,AA,AG,TT,AA,GT,GG,AA,AA,AA,AA,,,,,,,,,,,,,,,,,,,,,,,,,,,,,,,,,,,,,,,,,,,,,,,,,,,,,,,,,,,,,,,,,,,,,,,,,,,,,,,,,,,,,,,,,,,,,,,,,,,,,,,,,,,,,
60,East Asian,Atayal-1,LP6005442-DNA_E07,CC,AA,AA,CC,AA,AA,TT,AA,CC,CC,CC,CC,AA,GG,CC,AA,CC,TT,GT,TT,GG,AA,CC,CC,GG,CC,CC,TT,GG,TT,AG,CC,GG,CT,AA,AG,GG,TT,GT,AA,AA,CT,GG,TT,GG,TT,AA,GG,CT,AA,GT,GG,AA,AA,AA,AA,,,,,,,,,,,,,,,,,,,,,,,,,,,,,,,,,,,,,,,,,,,,,,,,,,,,,,,,,,,,,,,,,,,,,,,,,,,,,,,,,,,,,,,,,,,,,,,,,,,,,,,,,,,,,
61,East Asian,Burmese-1,LP6005519-DNA_B06,CC,AA,AA,TT,AA,AG,CT,AG,CC,CC,CC,CC,AA,GG,CC,GG,CC,TT,GT,TT,GG,AA,CC,CC,GG,CC,CC,CT,AG,TT,AA,CC,GG,CT,AG,GG,GG,CT,GT,AG,AA,CT,GG,TT,GG,TT,AA,GG,CT,AA,GT,AG,AG,AA,AA,AA,,,,,,,,,,,,,,,,,,,,,,,,,,,,,,,,,,,,,,,,,,,,,,,,,,,,,,,,,,,,,,,,,,,,,,,,,,,,,,,,,,,,,,,,,,,,,,,,,,,,,,,,,,,,,
62,East Asian,Burmese-2,LP6005519-DNA_A06,CC,AA,AA,TT,AA,AG,TT,AA,TT,AC,CC,CC,AA,GG,CC,AG,CC,GG,TT,TT,AG,AA,CC,CC,GG,CC,CC,TT,GG,CC,AG,CT,GG,CC,AG,AA,GG,TT,GT,AA,AA,CT,GG,TT,GG,TT,AA,GG,CT,AA,GT,GG,AA,AA,AG,AA,,,,,,,,,,,,,,,,,,,,,,,,,,,,,,,,,,,,,,,,,,,,,,,,,,,,,,,,,,,,,,,,,,,,,,,,,,,,,,,,,,,,,,,,,,,,,,,,,,,,,,,,,,,,,
63,East Asian,Japanese-3,LP6005592-DNA_C02,CC,AA,AA,TT,AA,AA,CT,AA,TT,CC,CC,CC,AA,GG,CC,AA,TT,TT,GT,TT,AG,AA,CC,CC,GG,CC,CC,TT,GG,CT,AG,CC,GG,CC,AA,GG,GG,TT,TT,GG,AA,CT,GG,TT,GG,TT,AA,GG,TT,AA,TT,GG,AA,AA,AA,AA,,,,,,,,,,,,,,,,,,,,,,,,,,,,,,,,,,,,,,,,,,,,,,,,,,,,,,,,,,,,,,,,,,,,,,,,,,,,,,,,,,,,,,,,,,,,,,,,,,,,,,,,,,,,,
64,East Asian,Korean-1,LP6005443-DNA_D06,CC,AA,AG,TT,AA,AA,TT,AG,CC,CC,CC,CC,AT,AG,CC,AG,CT,GT,GG,TT,GG,AA,CC,CC,GG,CC,CC,CT,GG,CC,AG,CC,GG,CC,AG,AA,GG,TT,GT,AG,AA,CT,GG,TT,GG,CT,AA,GG,CT,AA,GG,GG,AA,AA,AA,AA,,,,,,,,,,,,,,,,,,,,,,,,,,,,,,,,,,,,,,,,,,,,,,,,,,,,,,,,,,,,,,,,,,,,,,,,,,,,,,,,,,,,,,,,,,,,,,,,,,,,,,,,,,,,,
65,East Asian,Korean-2,LP6005443-DNA_C06,CC,AA,AG,TT,AA,AG,TT,AG,CC,CC,CC,CC,AA,GG,CC,AG,CT,TT,GG,TT,GG,AA,CC,CC,GG,CC,CC,TT,AG,CC,GG,CC,GG,CT,AA,AA,GG,TT,GT,AG,AA,TT,GG,TT,GG,CT,AA,AG,TT,AA,TT,GG,AA,AA,AA,AA,,,,,,,,,,,,,,,,,,,,,,,,,,,,,,,,,,,,,,,,,,,,,,,,,,,,,,,,,,,,,,,,,,,,,,,,,,,,,,,,,,,,,,,,,,,,,,,,,,,,,,,,,,,,,
66,East Asian,She-1,LP6005443-DNA_G01,CC,AA,AA,TT,AA,AA,CT,AA,CT,CC,CC,CC,AA,GG,CC,GG,CC,GT,GT,TT,GG,AA,CC,CC,GG,CC,CC,CC,GG,CT,AG,CC,GG,CT,AG,GG,GG,TT,TT,AG,AA,TT,GG,TT,GG,CT,AA,AA,CT,AA,TT,GG,AA,AA,AA,AA,,,,,,,,,,,,,,,,,,,,,,,,,,,,,,,,,,,,,,,,,,,,,,,,,,,,,,,,,,,,,,,,,,,,,,,,,,,,,,,,,,,,,,,,,,,,,,,,,,,,,,,,,,,,,
67,East Asian,She-2,LP6005443-DNA_F01,CC,AA,AG,CT,AA,AG,TT,AG,CC,CC,CC,CC,AA,GG,CC,AA,TT,TT,GG,TT,GG,AA,CC,CC,GG,CC,CC,CT,GG,CC,AG,CC,GG,CT,GG,AA,GG,TT,TT,AG,AA,CT,GG,TT,GG,TT,AA,AG,TT,AA,TT,GG,AA,AA,AG,AA,,,,,,,,,,,,,,,,,,,,,,,,,,,,,,,,,,,,,,,,,,,,,,,,,,,,,,,,,,,,,,,,,,,,,,,,,,,,,,,,,,,,,,,,,,,,,,,,,,,,,,,,,,,,,
68,East Asian,Thai-1,LP6005443-DNA_A07,CC,AA,AA,CT,AA,GG,CT,AA,CT,AC,CC,CC,AA,GG,CC,GG,CC,TT,GT,TT,GG,AG,CC,CC,GT,CC,CC,TT,AG,TT,AG,CC,AG,CT,AA,AG,CC,TT,GT,AG,AA,TT,AG,TT,GG,TT,AA,GG,CT,AA,TT,GG,AA,AA,AA,AA,,,,,,,,,,,,,,,,,,,,,,,,,,,,,,,,,,,,,,,,,,,,,,,,,,,,,,,,,,,,,,,,,,,,,,,,,,,,,,,,,,,,,,,,,,,,,,,,,,,,,,,,,,,,,
69,East Asian,Thai-2,LP6005443-DNA_B07,CC,AA,AA,CT,AA,AG,CT,AG,CC,CC,CC,CC,AA,GG,CC,AG,CT,GT,GT,TT,GG,AG,CC,CC,GG,CC,CC,CT,GG,CT,AG,CC,GG,CT,AG,GG,GG,TT,TT,AG,AA,CT,GG,TT,GG,CT,AT,GG,TT,AA,TT,GG,AA,AA,AA,AA,,,,,,,,,,,,,,,,,,,,,,,,,,,,,,,,,,,,,,,,,,,,,,,,,,,,,,,,,,,,,,,,,,,,,,,,,,,,,,,,,,,,,,,,,,,,,,,,,,,,,,,,,,,,,
70,Siberian,Aleut-1,LP6005443-DNA_A03,CC,AG,AA,CT,AA,AG,CT,AA,CC,CC,CC,CC,AT,AG,AC,GG,CC,TT,TT,CT,AA,AG,TT,CC,GG,CC,CC,TT,GG,CC,AG,CC,GG,CC,GG,AG,GG,TT,GT,AA,AA,CC,AA,TT,AG,CT,AA,GG,TT,AG,GT,GG,AA,AA,AA,AG,,,,,,,,,,,,,,,,,,,,,,,,,,,,,,,,,,,,,,,,,,,,,,,,,,,,,,,,,,,,,,,,,,,,,,,,,,,,,,,,,,,,,,,,,,,,,,,,,,,,,,,,,,,,,
71,Siberian,Aleut-2,LP6005443-DNA_H02,CG,AA,AG,TT,AA,AA,CT,AG,CC,CC,CT,CC,AT,AG,AC,AG,CT,TT,GT,CT,AG,AA,TT,CC,GG,CT,CC,TT,AA,CT,AA,CC,GG,CT,GG,AG,GG,TT,TT,AA,AA,TT,AA,CT,GG,TT,AT,GG,TT,AA,GG,GG,AA,AA,AA,AA,,,,,,,,,,,,,,,,,,,,,,,,,,,,,,,,,,,,,,,,,,,,,,,,,,,,,,,,,,,,,,,,,,,,,,,,,,,,,,,,,,,,,,,,,,,,,,,,,,,,,,,,,,,,,
72,Siberian,Altaian-1,LP6005442-DNA_F02,CC,AA,AA,TT,AA,AA,CT,AG,CC,CC,CC,CC,AA,GG,CC,GG,CC,TT,TT,TT,AG,AG,CC,CC,GG,CC,CC,TT,GG,CT,GG,CC,GG,TT,GG,AG,GG,TT,TT,AG,AA,CT,AG,TT,GG,TT,AT,GG,CT,AA,GT,GG,AA,AA,AA,AA,,,,,,,,,,,,,,,,,,,,,,,,,,,,,,,,,,,,,,,,,,,,,,,,,,,,,,,,,,,,,,,,,,,,,,,,,,,,,,,,,,,,,,,,,,,,,,,,,,,,,,,,,,,,,
73,Siberian,Chukchi-1,LP6005443-DNA_C03,CG,AG,AA,TT,AA,AA,CC,AG,CT,AC,CT,CC,AA,GG,CC,AG,CT,TT,GT,TT,AA,AA,CT,CC,GG,CT,CC,TT,AG,CT,GG,CT,GG,CT,GG,AG,GG,TT,GG,AA,AA,CT,AG,CT,GG,CT,AT,GG,TT,AA,GT,GG,AA,AA,AA,GG,,,,,,,,,,,,,,,,,,,,,,,,,,,,,,,,,,,,,,,,,,,,,,,,,,,,,,,,,,,,,,,,,,,,,,,,,,,,,,,,,,,,,,,,,,,,,,,,,,,,,,,,,,,,,
74,Siberian,Eskimo Chaplin-1,LP6005443-DNA_D03,CC,AA,AG,TT,AA,AA,CC,AA,CC,CC,CC,CC,AT,AG,CC,GG,CC,TT,TT,TT,AG,AA,CC,CC,GG,CC,CC,TT,GG,TT,AG,TT,GG,CC,GG,AA,GG,TT,GT,AA,AA,CT,GG,TT,GG,CT,AA,GG,TT,AA,GG,GG,GG,AA,AA,AA,,,,,,,,,,,,,,,,,,,,,,,,,,,,,,,,,,,,,,,,,,,,,,,,,,,,,,,,,,,,,,,,,,,,,,,,,,,,,,,,,,,,,,,,,,,,,,,,,,,,,,,,,,,,,
75,Siberian,Eskimo Naukan-1,LP6005443-DNA_F03,CC,AA,AA,TT,AA,AA,CT,AA,CC,CC,CC,CC,AT,AG,CC,GG,CC,TT,GT,TT,AG,AA,CT,CC,GG,CT,CC,TT,GG,TT,AG,CT,GG,CT,GG,AA,GG,TT,GT,AA,AA,CT,GG,TT,GG,TT,AA,GG,TT,AA,GG,GG,AA,AA,AG,AG,,,,,,,,,,,,,,,,,,,,,,,,,,,,,,,,,,,,,,,,,,,,,,,,,,,,,,,,,,,,,,,,,,,,,,,,,,,,,,,,,,,,,,,,,,,,,,,,,,,,,,,,,,,,,
76,Siberian,Eskimo Naukan-2,LP6005443-DNA_G03,CC,AA,AA,TT,AA,AA,CT,AA,CC,CC,CC,CC,AT,AG,CC,GG,CC,TT,TT,TT,AG,AG,CT,CC,GG,CC,CC,TT,AG,TT,AA,CC,GG,CC,AA,GG,GG,TT,TT,AA,AA,TT,GG,TT,GG,CT,AA,GG,TT,AG,GT,GG,AA,AA,AG,GG,,,,,,,,,,,,,,,,,,,,,,,,,,,,,,,,,,,,,,,,,,,,,,,,,,,,,,,,,,,,,,,,,,,,,,,,,,,,,,,,,,,,,,,,,,,,,,,,,,,,,,,,,,,,,
77,Siberian,Eskimo Sireniki-1,LP6005443-DNA_B03,CC,AA,AA,TT,AA,AA,TT,AA,CC,CC,CC,CC,AT,AG,CC,GG,CC,TT,GG,TT,AG,AA,CC,CC,GG,CC,CC,TT,AG,TT,AG,CT,GG,CC,GG,AA,GG,TT,GT,AA,AA,CC,AG,TT,GG,CT,AA,GG,TT,AG,GT,GG,AG,AA,AA,AG,,,,,,,,,,,,,,,,,,,,,,,,,,,,,,,,,,,,,,,,,,,,,,,,,,,,,,,,,,,,,,,,,,,,,,,,,,,,,,,,,,,,,,,,,,,,,,,,,,,,,,,,,,,,,
78,Siberian,Eskimo Sireniki-2,LP6005443-DNA_H03,CC,AA,GG,CT,AA,AA,CC,AA,CC,CC,CC,CC,TT,AA,CC,GG,CC,TT,GG,TT,GG,AA,CT,CC,GG,CC,CC,TT,GG,TT,GG,TT,GG,CT,GG,AG,GG,TT,GT,AA,AG,CC,GG,TT,GG,CT,AA,GG,TT,GG,GG,GG,AA,AA,AA,AG,,,,,,,,,,,,,,,,,,,,,,,,,,,,,,,,,,,,,,,,,,,,,,,,,,,,,,,,,,,,,,,,,,,,,,,,,,,,,,,,,,,,,,,,,,,,,,,,,,,,,,,,,,,,,
79,Siberian,Even-1,LP6005592-DNA_F03,CG,AG,AG,TT,AA,AA,TT,GG,CC,CC,CC,CC,AA,GG,CC,GG,CC,TT,GT,TT,AG,AG,CC,CC,GG,CC,CC,TT,GG,CT,AG,CC,GG,CT,GG,GG,GG,TT,TT,AA,AA,CC,GG,TT,GG,TT,AA,GG,TT,AG,GT,GG,AA,AA,AA,AG,,,,,,,,,,,,,,,,,,,,,,,,,,,,,,,,,,,,,,,,,,,,,,,,,,,,,,,,,,,,,,,,,,,,,,,,,,,,,,,,,,,,,,,,,,,,,,,,,,,,,,,,,,,,,
80,Siberian,Even-2,LP6005443-DNA_C04,CC,AA,AA,TT,AA,AA,CT,AG,CC,CC,CC,CT,AA,GG,CC,GG,CC,TT,GG,TT,AG,GG,CC,CC,GG,CC,CC,TT,GG,TT,AG,CC,GG,CC,AA,AA,GG,TT,TT,AA,AA,CC,GG,TT,GG,TT,AA,AG,CT,AA,GT,GG,AA,AA,AA,GG,,,,,,,,,,,,,,,,,,,,,,,,,,,,,,,,,,,,,,,,,,,,,,,,,,,,,,,,,,,,,,,,,,,,,,,,,,,,,,,,,,,,,,,,,,,,,,,,,,,,,,,,,,,,,
81,Siberian,Even-3,LP6005443-DNA_B04,CC,AA,AG,CT,AA,AG,CT,AG,CC,CC,CC,CC,AA,GG,CC,GG,CC,TT,TT,TT,GG,AA,CC,CC,GG,CC,CC,TT,GG,TT,GG,CC,GG,CT,AA,AA,GG,TT,TT,AA,AA,CT,GG,TT,GG,TT,AA,GG,TT,AA,TT,GG,AA,AA,AG,AG,,,,,,,,,,,,,,,,,,,,,,,,,,,,,,,,,,,,,,,,,,,,,,,,,,,,,,,,,,,,,,,,,,,,,,,,,,,,,,,,,,,,,,,,,,,,,,,,,,,,,,,,,,,,,
82,Siberian,Itelman-1,LP6005443-DNA_D04,CC,AA,GG,TT,AA,AA,CT,AA,CC,CC,CC,CC,AA,GG,CC,GG,CC,TT,GG,TT,AA,AA,CT,CC,GG,CC,CC,TT,AG,TT,AG,CC,GG,CC,AG,AG,CG,TT,TT,AA,AA,CT,AG,TT,GG,CT,AA,GG,TT,GG,GT,GG,AA,AA,AA,AA,,,,,,,,,,,,,,,,,,,,,,,,,,,,,,,,,,,,,,,,,,,,,,,,,,,,,,,,,,,,,,,,,,,,,,,,,,,,,,,,,,,,,,,,,,,,,,,,,,,,,,,,,,,,,
83,Siberian,Kyrgyz-1,LP6005677-DNA_B02,CG,AA,AA,CT,AA,AG,CC,GG,CC,AC,CC,CT,AA,GG,CC,AG,CT,GT,GT,TT,GG,AG,CC,CC,GG,CC,CC,TT,AA,CT,GG,CC,GG,CC,AG,AG,GG,TT,TT,AG,AA,CT,AG,CT,GG,CT,AA,GG,CT,AA,GT,GG,AA,AA,AA,AA,,,,,,,,,,,,,,,,,,,,,,,,,,,,,,,,,,,,,,,,,,,,,,,,,,,,,,,,,,,,,,,,,,,,,,,,,,,,,,,,,,,,,,,,,,,,,,,,,,,,,,,,,,,,,
84,Siberian,Kyrgyz-2,LP6005677-DNA_A02,CG,AA,AA,CT,AA,AA,TT,AG,CT,AC,CT,CC,AA,GG,CC,AA,TT,TT,GT,TT,AG,AA,CC,CC,GG,CT,CC,CT,GG,CC,GG,CC,GG,TT,AG,AA,GG,CT,TT,AA,AA,TT,AA,CT,GG,TT,AA,GG,TT,AA,GT,GG,AG,AC,AA,AA,,,,,,,,,,,,,,,,,,,,,,,,,,,,,,,,,,,,,,,,,,,,,,,,,,,,,,,,,,,,,,,,,,,,,,,,,,,,,,,,,,,,,,,,,,,,,,,,,,,,,,,,,,,,,
85,Siberian,Mansi-1,LP6005443-DNA_F04,GG,AG,AA,CT,AA,AA,CT,AA,CT,AC,CC,CC,AA,GG,AC,GG,CC,TT,GT,TT,AA,AA,CT,CC,GG,TT,CC,TT,GG,TT,AG,TT,GG,TT,AA,AA,GG,CT,GT,AA,AA,CT,AA,CT,GG,TT,AA,GG,CT,AA,TT,GG,AA,AA,AA,AG,,,,,,,,,,,,,,,,,,,,,,,,,,,,,,,,,,,,,,,,,,,,,,,,,,,,,,,,,,,,,,,,,,,,,,,,,,,,,,,,,,,,,,,,,,,,,,,,,,,,,,,,,,,,,
86,Siberian,Mansi-2,LP6005443-DNA_G04,CG,GG,AG,CT,AA,AG,CT,AG,TT,AA,CC,CC,AA,GG,CC,GG,CC,TT,GT,CC,AG,AA,CC,CT,GG,CT,CC,TT,AG,TT,AG,CC,GG,CT,GG,AG,GG,CC,TT,AA,AG,TT,AG,TT,GG,CC,AA,AG,TT,AA,GG,GG,AA,AA,AA,AG,,,,,,,,,,,,,,,,,,,,,,,,,,,,,,,,,,,,,,,,,,,,,,,,,,,,,,,,,,,,,,,,,,,,,,,,,,,,,,,,,,,,,,,,,,,,,,,,,,,,,,,,,,,,,
87,Siberian,Tlingit-1,LP6005443-DNA_E05,GG,AG,AG,CT,AA,AG,CT,GG,CT,AC,CT,CC,AA,GG,CC,GG,CC,TT,TT,TT,AG,AG,CT,CC,GG,TT,CC,TT,AA,CC,AA,CT,GG,TT,GG,AG,GG,CT,GT,AA,AA,CT,AG,TT,AA,CT,AA,GG,TT,AA,GT,GG,AA,AA,AA,AA,,,,,,,,,,,,,,,,,,,,,,,,,,,,,,,,,,,,,,,,,,,,,,,,,,,,,,,,,,,,,,,,,,,,,,,,,,,,,,,,,,,,,,,,,,,,,,,,,,,,,,,,,,,,,
88,Siberian,Tlingit-2,LP6005443-DNA_D05,CG,AA,AG,TT,AA,AA,CT,AG,CT,AC,CC,CT,AT,AG,CC,AG,CC,TT,TT,TT,GG,GG,CT,CC,GG,CC,CC,TT,GG,CC,AG,CC,GG,CC,AG,AG,GG,CT,TT,AA,AA,CC,AG,TT,AG,CT,AA,GG,TT,AG,GT,GG,AA,AA,AA,AG,,,,,,,,,,,,,,,,,,,,,,,,,,,,,,,,,,,,,,,,,,,,,,,,,,,,,,,,,,,,,,,,,,,,,,,,,,,,,,,,,,,,,,,,,,,,,,,,,,,,,,,,,,,,,
89,Siberian,Tubalar-1,LP6005442-DNA_F12,CC,AA,AA,TT,AA,AA,TT,AG,CT,AC,CC,CT,TT,AA,CC,GG,CC,TT,GT,TT,AG,AA,CT,CC,GG,CC,CC,TT,AA,TT,AG,TT,GG,CT,GG,AG,GG,TT,GG,AA,AA,CT,AG,TT,AG,CT,AA,GG,CT,AA,GG,GG,AA,AA,AA,GG,,,,,,,,,,,,,,,,,,,,,,,,,,,,,,,,,,,,,,,,,,,,,,,,,,,,,,,,,,,,,,,,,,,,,,,,,,,,,,,,,,,,,,,,,,,,,,,,,,,,,,,,,,,,,
90,Siberian,Tubalar-2,LP6005442-DNA_E12,CG,AA,AA,TT,AA,AA,TT,GG,TT,AA,CC,CC,AA,GG,CC,GG,CC,TT,TT,TT,AG,AA,TT,CC,GG,CC,CC,TT,GG,TT,GG,CT,GG,CC,GG,AG,GG,CT,GT,AA,AA,TT,AA,TT,AA,TT,AT,GG,CT,AG,TT,GG,AA,AA,AA,AG,,,,,,,,,,,,,,,,,,,,,,,,,,,,,,,,,,,,,,,,,,,,,,,,,,,,,,,,,,,,,,,,,,,,,,,,,,,,,,,,,,,,,,,,,,,,,,,,,,,,,,,,,,,,,
91,Siberian,Ulchi-1,LP6005442-DNA_H12,CC,AA,AG,TT,AA,AA,CC,AA,CC,CC,CC,CC,AA,GG,CC,GG,CC,TT,GT,CT,AA,GG,CT,CC,GG,CC,CC,TT,GG,CT,AG,CC,GG,CC,AG,AA,GG,TT,TT,AA,AA,TT,GG,TT,GG,TT,AA,AG,TT,AA,GG,GG,AA,AA,AA,AA,,,,,,,,,,,,,,,,,,,,,,,,,,,,,,,,,,,,,,,,,,,,,,,,,,,,,,,,,,,,,,,,,,,,,,,,,,,,,,,,,,,,,,,,,,,,,,,,,,,,,,,,,,,,,
92,Siberian,Ulchi-2,LP6005442-DNA_G12,CC,AA,AA,TT,AA,AG,TT,GG,CC,CC,CC,CC,AA,GG,CC,GG,CC,TT,TT,TT,AG,AA,CC,CC,GG,CC,CC,TT,GG,CT,AG,CC,GG,CC,AG,AA,GG,TT,TT,AG,AA,CT,GG,TT,GG,TT,AA,AG,CT,AA,GT,GG,AA,AA,AA,AA,,,,,,,,,,,,,,,,,,,,,,,,,,,,,,,,,,,,,,,,,,,,,,,,,,,,,,,,,,,,,,,,,,,,,,,,,,,,,,,,,,,,,,,,,,,,,,,,,,,,,,,,,,,,,
93,South Asian,Brahmin-1,LP6005519-DNA_G03,CC,AA,AA,TT,AA,GG,CC,GG,TT,AA,CC,CC,AA,GG,CC,GG,CC,TT,TT,TT,AA,AA,TT,CC,GT,CT,CC,TT,AA,CC,AG,CT,GG,TT,AG,AG,GG,TT,GG,AA,AA,CT,AG,TT,GG,CT,AA,GG,CT,AA,GG,GG,AA,AA,GG,AG,,,,,,,,,,,,,,,,,,,,,,,,,,,,,,,,,,,,,,,,,,,,,,,,,,,,,,,,,,,,,,,,,,,,,,,,,,,,,,,,,,,,,,,,,,,,,,,,,,,,,,,,,,,,,
94,South Asian,Brahmin-2,LP6005519-DNA_H03,CC,AA,AA,TT,AA,AA,CC,AG,TT,AA,CC,CC,AA,GG,CC,GG,CC,GT,GT,TT,GG,AA,TT,CC,GG,CT,CC,TT,AG,CC,GG,CC,GG,TT,AG,GG,GG,TT,GT,AA,AA,TT,AA,TT,GG,CC,AT,GG,CT,AA,GG,GG,AA,AA,AG,AG,,,,,,,,,,,,,,,,,,,,,,,,,,,,,,,,,,,,,,,,,,,,,,,,,,,,,,,,,,,,,,,,,,,,,,,,,,,,,,,,,,,,,,,,,,,,,,,,,,,,,,,,,,,,,
95,South Asian,Irula-1,LP6005519-DNA_C05,CC,AA,AA,TT,AA,AG,CC,AG,TT,AA,CC,CT,AA,GG,CC,GG,CC,TT,TT,TT,AA,AA,CC,CC,TT,CC,CC,TT,AG,CC,GG,CC,GG,TT,GG,AG,GG,TT,GT,AA,AA,CT,GG,TT,GG,CT,AA,GG,TT,AA,GT,GG,AA,AA,AG,GG,,,,,,,,,,,,,,,,,,,,,,,,,,,,,,,,,,,,,,,,,,,,,,,,,,,,,,,,,,,,,,,,,,,,,,,,,,,,,,,,,,,,,,,,,,,,,,,,,,,,,,,,,,,,,
96,South Asian,Irula-2,LP6005519-DNA_D05,CC,AA,AA,TT,AA,GG,CT,AG,TT,AC,CC,CT,AA,GG,CC,GG,CC,TT,TT,CT,AA,AA,TT,CC,GT,CC,CC,TT,AG,CC,GG,CT,GG,CT,GG,AA,GG,CT,GT,AA,AG,CC,AA,TT,GG,TT,AA,AG,TT,AA,GG,GG,AA,AA,GG,AG,,,,,,,,,,,,,,,,,,,,,,,,,,,,,,,,,,,,,,,,,,,,,,,,,,,,,,,,,,,,,,,,,,,,,,,,,,,,,,,,,,,,,,,,,,,,,,,,,,,,,,,,,,,,,
97,South Asian,Kapu-1,LP6005519-DNA_A04,CC,AA,AA,CT,AA,AG,CC,GG,TT,AC,CC,CC,AA,GG,CC,GG,CC,TT,TT,CT,GG,AA,CT,CC,GT,CC,CC,TT,AG,CC,GG,CT,GG,TT,AG,AA,GG,CT,GG,AA,AA,CT,AG,TT,AG,CT,AT,GG,CT,AA,GT,GG,AA,AC,AG,AA,,,,,,,,,,,,,,,,,,,,,,,,,,,,,,,,,,,,,,,,,,,,,,,,,,,,,,,,,,,,,,,,,,,,,,,,,,,,,,,,,,,,,,,,,,,,,,,,,,,,,,,,,,,,,
98,South Asian,Kapu-2,LP6005519-DNA_B04,CC,AA,AA,CT,AA,AG,CC,GG,TT,AA,CC,CC,AA,GG,CC,GG,CC,TT,TT,TT,AG,AG,CT,CT,GG,CC,CC,TT,GG,CC,AG,CC,GG,TT,GG,GG,GG,TT,GG,AA,AA,TT,AA,CT,GG,CC,AA,GG,TT,AA,GT,GG,AA,AA,AA,AA,,,,,,,,,,,,,,,,,,,,,,,,,,,,,,,,,,,,,,,,,,,,,,,,,,,,,,,,,,,,,,,,,,,,,,,,,,,,,,,,,,,,,,,,,,,,,,,,,,,,,,,,,,,,,
99,South Asian,Khonda Dora-1,LP6005519-DNA_E05,CC,AA,AA,CT,AA,AG,CT,AG,TT,AC,CC,CC,AA,GG,CC,GG,CC,TT,TT,TT,GG,AG,CC,CC,GT,CC,CC,CT,AG,CT,AG,CC,GG,CC,AG,GG,CG,TT,GT,AA,AA,TT,GG,TT,GG,TT,AA,GG,TT,AA,TT,GG,AA,AA,AA,AA,,,,,,,,,,,,,,,,,,,,,,,,,,,,,,,,,,,,,,,,,,,,,,,,,,,,,,,,,,,,,,,,,,,,,,,,,,,,,,,,,,,,,,,,,,,,,,,,,,,,,,,,,,,,,
100,South Asian,Kusunda-1,LP6005443-DNA_C09,CC,AA,AA,TT,AA,AA,CT,AG,TT,AA,CC,CC,AA,GG,CC,GG,CC,GT,GT,TT,AA,AA,TT,CC,GG,CC,CC,TT,AA,CT,AG,CC,GG,TT,GG,GG,GG,TT,TT,AA,AA,TT,AG,TT,AG,TT,AA,GG,TT,AA,GG,GG,AA,AA,AA,AG,,,,,,,,,,,,,,,,,,,,,,,,,,,,,,,,,,,,,,,,,,,,,,,,,,,,,,,,,,,,,,,,,,,,,,,,,,,,,,,,,,,,,,,,,,,,,,,,,,,,,,,,,,,,,
101,South Asian,Kusunda-2,LP6005443-DNA_D09,CC,AA,AA,TT,AA,GG,CC,AG,TT,AC,CC,CC,AA,GG,CC,GG,CC,TT,GG,TT,AA,AA,CC,CC,GG,CC,CC,TT,GG,CC,AG,CC,GG,TT,AA,AG,GG,TT,TT,AA,AA,TT,AA,TT,GG,TT,AA,GG,CC,AA,GT,GG,AA,AA,AG,AA,,,,,,,,,,,,,,,,,,,,,,,,,,,,,,,,,,,,,,,,,,,,,,,,,,,,,,,,,,,,,,,,,,,,,,,,,,,,,,,,,,,,,,,,,,,,,,,,,,,,,,,,,,,,,
102,South Asian,Madiga-1,LP6005519-DNA_G04,CC,AA,AA,TT,AA,AA,CT,GG,TT,AC,CC,CC,AA,GG,CC,GG,CC,TT,TT,TT,AA,AA,CT,CC,GG,CT,CC,TT,AG,CC,GG,CT,GG,TT,AG,GG,GG,TT,GG,AA,AA,CT,AG,TT,AG,TT,AT,AG,CT,AA,GG,GG,AG,AC,AG,AA,,,,,,,,,,,,,,,,,,,,,,,,,,,,,,,,,,,,,,,,,,,,,,,,,,,,,,,,,,,,,,,,,,,,,,,,,,,,,,,,,,,,,,,,,,,,,,,,,,,,,,,,,,,,,
103,South Asian,Madiga-2,LP6005519-DNA_H04,CC,AA,AA,CT,AA,AG,CT,AG,TT,AA,CC,CC,AA,GG,CC,GG,CC,TT,TT,TT,AG,AA,CT,CC,GT,CC,CC,TT,AG,CC,AG,CC,GG,TT,AA,GG,GG,CT,GT,AA,AA,TT,GG,TT,GG,CT,AA,GG,CT,AA,GG,GG,AA,AC,AA,AG,,,,,,,,,,,,,,,,,,,,,,,,,,,,,,,,,,,,,,,,,,,,,,,,,,,,,,,,,,,,,,,,,,,,,,,,,,,,,,,,,,,,,,,,,,,,,,,,,,,,,,,,,,,,,
104,South Asian,Mala-2,LP6005519-DNA_E04,CC,AA,AG,CC,AA,AG,CC,AG,TT,AC,CC,CT,AA,GG,CC,GG,CC,TT,TT,TT,AA,AA,CT,CC,GG,CT,CC,TT,GG,CC,AG,CC,GG,TT,AA,GG,GG,TT,GT,AA,AA,TT,GG,TT,GG,TT,AT,GG,TT,AA,GT,GG,AA,AA,AG,AA,,,,,,,,,,,,,,,,,,,,,,,,,,,,,,,,,,,,,,,,,,,,,,,,,,,,,,,,,,,,,,,,,,,,,,,,,,,,,,,,,,,,,,,,,,,,,,,,,,,,,,,,,,,,,
105,South Asian,Mala-3,LP6005519-DNA_F04,CC,AA,AA,TT,AA,AG,CT,AG,TT,AC,CC,CC,AA,GG,CC,GG,CC,TT,GT,TT,AA,AA,CC,CC,GG,CC,CC,TT,AG,CC,AG,CC,GG,CT,GG,GG,CG,TT,GT,AA,AA,TT,AA,TT,GG,TT,AA,GG,TT,AA,GG,GG,AA,AA,GG,AG,,,,,,,,,,,,,,,,,,,,,,,,,,,,,,,,,,,,,,,,,,,,,,,,,,,,,,,,,,,,,,,,,,,,,,,,,,,,,,,,,,,,,,,,,,,,,,,,,,,,,,,,,,,,,
106,South Asian,Relli-1,LP6005519-DNA_A05,CC,AA,AA,CT,AA,AG,CT,AA,CT,CC,CC,CC,AA,GG,CC,GG,CC,TT,TT,TT,AG,AA,CC,CC,GG,CC,CC,TT,GG,CC,GG,CT,GG,CT,AG,GG,CG,TT,GT,AA,AA,CT,AG,TT,GG,TT,AA,GG,CT,AA,GG,GG,AA,AA,AG,AG,,,,,,,,,,,,,,,,,,,,,,,,,,,,,,,,,,,,,,,,,,,,,,,,,,,,,,,,,,,,,,,,,,,,,,,,,,,,,,,,,,,,,,,,,,,,,,,,,,,,,,,,,,,,,
107,South Asian,Relli-2,LP6005519-DNA_B05,CC,AA,AA,TT,AA,AG,CC,AG,TT,AA,CC,CC,AA,GG,CC,AG,CC,TT,TT,CT,AA,AA,CT,CC,GT,CC,CC,TT,AG,CC,AA,TT,GG,CT,AA,AG,GG,TT,GT,AA,AA,TT,AG,CT,GG,CT,AA,GG,CT,AA,GG,AG,AG,AA,GG,AA,,,,,,,,,,,,,,,,,,,,,,,,,,,,,,,,,,,,,,,,,,,,,,,,,,,,,,,,,,,,,,,,,,,,,,,,,,,,,,,,,,,,,,,,,,,,,,,,,,,,,,,,,,,,,
108,South Asian,Sindhi-1,LP6005441-DNA_G11,CC,AG,AA,TT,AA,AA,CC,AG,TT,AA,CC,CC,AA,GG,CC,GG,CC,TT,TT,CT,AA,AA,CT,CC,GG,CT,CC,TT,AA,CC,GG,CC,GG,CT,AA,AA,GG,CT,TT,AA,AA,CT,AA,TT,GG,CT,AA,GG,TT,AA,GT,GG,AA,AC,AG,AG,,,,,,,,,,,,,,,,,,,,,,,,,,,,,,,,,,,,,,,,,,,,,,,,,,,,,,,,,,,,,,,,,,,,,,,,,,,,,,,,,,,,,,,,,,,,,,,,,,,,,,,,,,,,,
109,South Asian,Sindhi-2,LP6005441-DNA_H11,CC,AA,AA,CT,AA,GG,CT,GG,TT,AA,CT,CC,AA,GG,CC,GG,CC,TT,TT,TT,AG,AA,CC,CC,GG,CC,CC,TT,AG,CT,GG,CT,GG,CT,GG,AG,GG,CT,GT,AA,AA,CC,AG,CT,AG,CT,AA,GG,CT,AA,GG,GG,AA,AC,AA,AG,,,,,,,,,,,,,,,,,,,,,,,,,,,,,,,,,,,,,,,,,,,,,,,,,,,,,,,,,,,,,,,,,,,,,,,,,,,,,,,,,,,,,,,,,,,,,,,,,,,,,,,,,,,,,
110,South Asian,Yadava-1,LP6005519-DNA_C04,CC,AA,AA,TT,AA,AA,CC,AG,TT,AA,CC,CT,AA,GG,CC,GG,CC,TT,GT,TT,GG,AA,CT,CC,GT,CC,CC,CT,AG,CC,GG,CT,GG,TT,GG,GG,GG,CT,GG,AA,AA,CT,AG,TT,GG,CT,AA,GG,TT,AA,GG,GG,AA,AA,AA,AG,,,,,,,,,,,,,,,,,,,,,,,,,,,,,,,,,,,,,,,,,,,,,,,,,,,,,,,,,,,,,,,,,,,,,,,,,,,,,,,,,,,,,,,,,,,,,,,,,,,,,,,,,,,,,
111,South Asian,Yadava-2,LP6005519-DNA_D04,CC,AA,AA,CT,AA,AA,CT,AA,TT,AC,CC,CT,AA,GG,CC,GG,CC,TT,TT,TT,AG,AA,CT,CC,GT,CC,CC,TT,AG,CT,AA,CC,GG,TT,GG,AG,GG,TT,GT,AA,AA,TT,AG,CT,GG,CT,AA,GG,TT,AA,GG,AG,AG,AA,GG,AA,,,,,,,,,,,,,,,,,,,,,,,,,,,,,,,,,,,,,,,,,,,,,,,,,,,,,,,,,,,,,,,,,,,,,,,,,,,,,,,,,,,,,,,,,,,,,,,,,,,,,,,,,,,,,
112,Oceanian,Australian-3,SS6004478,CC,AA,AA,CT,AA,AA,CT,GG,TT,AC,CC,CC,AA,GG,CC,GG,CC,TT,TT,CC,AA,GG,CT,CC,TT,CC,CC,TT,GG,TT,GG,TT,GG,CT,AA,GG,GG,TT,TT,AA,AA,CT,GG,TT,GG,TT,AA,AA,TT,AA,GG,GG,AA,CC,GG,AA,,,,,,,,,,,,,,,,,,,,,,,,,,,,,,,,,,,,,,,,,,,,,,,,,,,,,,,,,,,,,,,,,,,,,,,,,,,,,,,,,,,,,,,,,,,,,,,,,,,,,,,,,,,,,
113,Oceanian,Australian-4,SS6004477,CC,AA,AA,TT,AA,AA,CC,AG,TT,CC,CC,CC,AA,GG,CC,GG,CC,TT,TT,CC,AG,AG,CC,CC,TT,CC,CC,TT,AG,TT,GG,TT,GG,TT,AG,GG,GG,TT,GT,AA,AA,CC,GG,TT,GG,TT,AA,AA,TT,AA,TT,GG,AA,AC,GG,AA,,,,,,,,,,,,,,,,,,,,,,,,,,,,,,,,,,,,,,,,,,,,,,,,,,,,,,,,,,,,,,,,,,,,,,,,,,,,,,,,,,,,,,,,,,,,,,,,,,,,,,,,,,,,,
114,Oceanian,Dusun-1,LP6005519-DNA_F06,CC,AA,AA,TT,AA,AA,CT,AA,CC,CC,CC,CC,AA,GG,CC,AA,CC,GT,TT,TT,AA,AA,CC,CC,GT,CC,CC,TT,GG,TT,AG,CC,GG,CT,AA,GG,GG,TT,TT,AA,AA,CC,GG,TT,GG,TT,AA,AG,CT,AA,TT,GG,AA,AA,AA,AA,,,,,,,,,,,,,,,,,,,,,,,,,,,,,,,,,,,,,,,,,,,,,,,,,,,,,,,,,,,,,,,,,,,,,,,,,,,,,,,,,,,,,,,,,,,,,,,,,,,,,,,,,,,,,
115,Oceanian,Dusun-2,LP6005519-DNA_E06,CC,AA,AA,TT,AA,GG,TT,AG,CC,CC,CC,CC,AA,GG,CC,AG,CC,TT,GT,TT,AG,AA,CT,CC,GG,CC,CC,CT,GG,TT,GG,CC,AG,CC,AA,GG,GG,TT,GG,AG,AA,TT,GG,TT,GG,TT,AA,AG,TT,AA,TT,GG,AA,AA,AA,AA,,,,,,,,,,,,,,,,,,,,,,,,,,,,,,,,,,,,,,,,,,,,,,,,,,,,,,,,,,,,,,,,,,,,,,,,,,,,,,,,,,,,,,,,,,,,,,,,,,,,,,,,,,,,,
116,Oceanian,Hawaiian-1,LP6005592-DNA_H03,CC,AA,AA,TT,AA,AA,TT,AA,CC,CC,CC,CC,AA,GG,CC,AG,CC,TT,TT,CT,GG,AA,CC,CC,GG,CC,CC,TT,AG,TT,AG,CT,GG,TT,AG,GG,GG,TT,GT,AA,AA,CC,GG,TT,GG,TT,AA,AG,CT,AA,TT,GG,AA,AA,AG,AA,,,,,,,,,,,,,,,,,,,,,,,,,,,,,,,,,,,,,,,,,,,,,,,,,,,,,,,,,,,,,,,,,,,,,,,,,,,,,,,,,,,,,,,,,,,,,,,,,,,,,,,,,,,,,
117,Oceanian,Igorot-1,LP6005519-DNA_C06,CC,AA,AA,TT,AA,AA,TT,GG,CC,CC,CC,CC,AA,GG,CC,AG,CC,TT,GT,TT,GG,AG,CC,CC,GT,CC,CC,CT,GG,TT,GG,CC,GG,CT,AA,AG,GG,TT,TT,AA,AA,CT,GG,TT,GG,CT,AA,GG,TT,AA,GT,GG,AA,AA,AA,AA,,,,,,,,,,,,,,,,,,,,,,,,,,,,,,,,,,,,,,,,,,,,,,,,,,,,,,,,,,,,,,,,,,,,,,,,,,,,,,,,,,,,,,,,,,,,,,,,,,,,,,,,,,,,,
118,Oceanian,Igorot-2,LP6005519-DNA_D06,CC,AA,AA,CT,AA,AA,TT,AG,CT,CC,CC,CC,AA,GG,CC,AA,CC,GT,TT,TT,AG,AA,CC,CC,GG,CC,CC,CC,GG,TT,AG,CC,GG,CC,AA,GG,GG,TT,GT,AA,AA,TT,GG,TT,GG,CT,AA,GG,TT,AA,TT,GG,AA,AA,AA,AG,,,,,,,,,,,,,,,,,,,,,,,,,,,,,,,,,,,,,,,,,,,,,,,,,,,,,,,,,,,,,,,,,,,,,,,,,,,,,,,,,,,,,,,,,,,,,,,,,,,,,,,,,,,,,
119,Oceanian,Maori-1,LP6005592-DNA_B02,CG,AG,AA,CC,AA,AA,TT,AG,CT,AC,TT,CC,AA,GG,CC,AG,CC,TT,GT,CT,AG,AA,CT,CC,GG,CT,CC,TT,AG,CT,AA,CT,GG,TT,AA,GG,GG,CT,GT,AA,AA,CT,GG,CT,AG,TT,AA,AG,TT,AA,GT,GG,AA,AA,AG,AA,,,,,,,,,,,,,,,,,,,,,,,,,,,,,,,,,,,,,,,,,,,,,,,,,,,,,,,,,,,,,,,,,,,,,,,,,,,,,,,,,,,,,,,,,,,,,,,,,,,,,,,,,,,,,
120,American,Chane-1,LP6005519-DNA_D01,CC,AA,GG,CT,AA,AA,TT,AA,CC,CC,CC,CC,AA,AA,CC,GG,CC,TT,TT,TT,GG,GG,CC,CC,GT,CC,CC,TT,GG,TT,AA,TT,GG,CT,GG,AA,GG,TT,TT,AA,AG,CT,GG,TT,AG,CT,AA,GG,TT,GG,GT,GG,AG,AA,AA,GG,,,,,,,,,,,,,,,,,,,,,,,,,,,,,,,,,,,,,,,,,,,,,,,,,,,,,,,,,,,,,,,,,,,,,,,,,,,,,,,,,,,,,,,,,,,,,,,,,,,,,,,,,,,,,
121,American,Mixe-1,SS6004479,CC,AA,GG,CT,AA,AA,TT,AA,CC,CC,CC,CC,AA,AG,CC,GG,CC,TT,GG,TT,GG,AA,CT,CC,GG,CC,CC,TT,GG,TT,AG,CC,GG,CC,GG,AG,GG,TT,TT,AA,AG,TT,GG,TT,AA,CC,AA,GG,TT,AG,GG,GG,AG,AA,AA,GG,,,,,,,,,,,,,,,,,,,,,,,,,,,,,,,,,,,,,,,,,,,,,,,,,,,,,,,,,,,,,,,,,,,,,,,,,,,,,,,,,,,,,,,,,,,,,,,,,,,,,,,,,,,,,
122,American,Mixe-2,LP6005443-DNA_E11,CC,AA,GG,TT,AA,AA,CT,AA,CC,CC,CC,CC,AA,AA,CC,GG,CC,TT,GT,TT,GG,AA,CT,CC,GT,CC,CC,TT,GG,TT,AG,CT,GG,CC,GG,AA,GG,TT,TT,AA,GG,TT,GG,TT,AG,TT,AA,GG,TT,AG,GT,GG,AA,AA,AA,GG,,,,,,,,,,,,,,,,,,,,,,,,,,,,,,,,,,,,,,,,,,,,,,,,,,,,,,,,,,,,,,,,,,,,,,,,,,,,,,,,,,,,,,,,,,,,,,,,,,,,,,,,,,,,,
123,American,Mixe-3,LP6005443-DNA_F11,CC,AA,GG,TT,AA,AA,TT,AA,CC,CC,CC,CC,AA,AA,CC,GG,CC,TT,GT,TT,AG,AA,CC,CC,GT,CC,CC,CT,AG,TT,AG,CT,GG,CC,GG,AA,GG,TT,TT,AA,GG,CC,GG,TT,AG,TT,AA,GG,CT,GG,TT,GG,AA,AA,AA,AG,,,,,,,,,,,,,,,,,,,,,,,,,,,,,,,,,,,,,,,,,,,,,,,,,,,,,,,,,,,,,,,,,,,,,,,,,,,,,,,,,,,,,,,,,,,,,,,,,,,,,,,,,,,,,
124,American,Mixtec-1,LP6005443-DNA_G11,CG,AA,AG,TT,AA,AG,CT,AA,CC,CC,CC,CC,AT,AA,CC,GG,CC,TT,GT,TT,AG,AG,CC,CC,GT,CC,CC,TT,GG,TT,AA,CC,GG,CT,AG,AA,GG,TT,TT,AA,AG,CT,GG,CT,AG,CT,AT,AG,TT,GG,GT,GG,AA,AA,AA,GG,,,,,,,,,,,,,,,,,,,,,,,,,,,,,,,,,,,,,,,,,,,,,,,,,,,,,,,,,,,,,,,,,,,,,,,,,,,,,,,,,,,,,,,,,,,,,,,,,,,,,,,,,,,,,
125,American,Mixtec-2,LP6005443-DNA_H11,CC,AA,GG,TT,AA,AA,TT,AG,CC,CC,CC,CC,AA,AG,CC,GG,CC,TT,GT,TT,AG,AG,CT,CC,GG,CC,CC,TT,AG,TT,AG,CT,GG,CT,GG,AA,GG,TT,TT,AA,GG,TT,AA,TT,AA,TT,AA,GG,TT,GG,TT,GG,AA,AA,AG,AG,,,,,,,,,,,,,,,,,,,,,,,,,,,,,,,,,,,,,,,,,,,,,,,,,,,,,,,,,,,,,,,,,,,,,,,,,,,,,,,,,,,,,,,,,,,,,,,,,,,,,,,,,,,,,
126,American,Quechua-1,LP6005677-DNA_F01,CC,AA,GG,TT,AA,AG,TT,AA,CC,CC,CC,CC,AA,AG,CC,GG,CC,TT,GT,TT,AG,GG,CC,CC,GG,CC,CC,TT,AG,TT,GG,TT,GG,CC,GG,AA,GG,TT,TT,AA,AA,CC,AG,CT,AG,TT,AA,GG,TT,GG,GG,GG,AA,AA,AA,GG,,,,,,,,,,,,,,,,,,,,,,,,,,,,,,,,,,,,,,,,,,,,,,,,,,,,,,,,,,,,,,,,,,,,,,,,,,,,,,,,,,,,,,,,,,,,,,,,,,,,,,,,,,,,,
127,American,Quechua-2,LP6005677-DNA_E01,CC,AA,AG,CT,AA,AG,CT,AA,CC,CC,CC,CC,AA,AG,CC,GG,CC,TT,GT,TT,GG,AG,CC,CC,GG,CC,CC,TT,GG,TT,AA,TT,GG,CT,GG,AA,GG,TT,TT,AA,AG,CC,GG,TT,GG,TT,AA,GG,TT,AG,GT,GG,AA,AA,AA,AG,,,,,,,,,,,,,,,,,,,,,,,,,,,,,,,,,,,,,,,,,,,,,,,,,,,,,,,,,,,,,,,,,,,,,,,,,,,,,,,,,,,,,,,,,,,,,,,,,,,,,,,,,,,,,
128,American,Quechua-3,LP6005519-DNA_G02,CC,AA,GG,TT,AA,AA,CT,AA,CC,CC,CC,CC,AA,AA,CC,GG,CC,TT,GT,TT,AG,AA,CT,CC,GG,CC,CC,TT,GG,TT,AG,TT,GG,CT,GG,AA,GG,TT,TT,AA,AA,CC,GG,CT,GG,CT,AA,GG,TT,GG,GT,GG,AA,AA,AA,AG,,,,,,,,,,,,,,,,,,,,,,,,,,,,,,,,,,,,,,,,,,,,,,,,,,,,,,,,,,,,,,,,,,,,,,,,,,,,,,,,,,,,,,,,,,,,,,,,,,,,,,,,,,,,,
129,American,Zapotec-1,LP6005443-DNA_A12,CC,AA,AA,TT,AA,AG,TT,AA,CT,AC,CC,CT,AT,AA,CC,GG,CC,TT,GG,TT,AG,AA,CT,CC,GT,CC,CC,TT,GG,TT,AA,CC,GG,TT,GG,AA,CG,CT,TT,AA,GG,CC,GG,CT,GG,TT,AA,GG,TT,GG,GG,GG,AA,AA,AA,GG,,,,,,,,,,,,,,,,,,,,,,,,,,,,,,,,,,,,,,,,,,,,,,,,,,,,,,,,,,,,,,,,,,,,,,,,,,,,,,,,,,,,,,,,,,,,,,,,,,,,,,,,,,,,,
130,American,Zapotec-2,LP6005677-DNA_D01,CC,AA,GG,TT,AA,AG,CT,AG,CC,CC,CC,TT,AA,AA,CC,GG,CC,TT,GT,TT,AG,AA,CC,CC,GT,CC,CC,TT,GG,TT,AG,CC,GG,CC,GG,AA,GG,TT,GT,AA,AA,CT,GG,TT,AA,CT,AA,GG,TT,AA,GT,GG,AG,AA,AA,GG,,,,,,,,,,,,,,,,,,,,,,,,,,,,,,,,,,,,,,,,,,,,,,,,,,,,,,,,,,,,,,,,,,,,,,,,,,,,,,,,,,,,,,,,,,,,,,,,,,,,,,,,,,,,,
